<aiml version="1.0.1" encoding="UTF-8">

<!-- Greetings and Politeness -->

<category> <pattern> HELLO </pattern>
  <template>Hello! How are you?</template> </category>

<category> <pattern> HELLO * </pattern>
  <template><srai>HELLO</srai></template> </category>

<category> <pattern> HI </pattern>
  <template><srai>HELLO</srai></template> </category>

<category> <pattern> HI * </pattern>
  <template><srai>HELLO</srai></template> </category>

<category> <pattern> HOW ARE YOU </pattern>
  <template>I'm functioning within normal parameters, thanks for asking.</template></category>

<category><pattern> I AM FINE </pattern>
  <template>That's good to know. What would you like to discuss about?</template></category>

<category><pattern> BYE </pattern>
  <template>#0$Bye! Nice talking to you. You take care now.</template></category>

<category><pattern> GOODBYE </pattern>
  <template><srai>BYE</srai></template></category>

<category><pattern> EXIT </pattern>
  <template><srai>BYE</srai></template></category>

<category> <pattern> THANKS </pattern>
  <template>You are welcome.</template></category>

<category> <pattern> THANK YOU </pattern>
  <template><srai>THANKS</srai></template></category>

<category> <pattern> CHEERS </pattern>
  <template>Sure mate.</template></category>

<category> <pattern> CHEERS * </pattern>
  <template>Sure mate.</template></category>

<!-- Math questions -->
<category><pattern>WHAT CAN YOU TELL ME ABOUT</pattern>
  <template> I'm your go-to companion for all things math related. From basic calculations to advanced concepts, I'm here to help. Let's dive into the world of mathematics together!</template></category>

<category><pattern>WHAT TOPIC ARE YOU SPECIALISED *</pattern>
  <template> My specialties include calculus, algebra, trigonometry, and geometry. I can provide detailed solutions and explanations to any of those subjects.</template></category>

<category><pattern>WHAT CAN I ASK YOU</pattern>
  <template> You can ask me anything related to math, such as problem-solving strategies, algebraic equations, geometry, trigonometry, calculus, and more.</template></category>

<category><pattern>CAN YOU TELL ME FORMULAS</pattern>
  <template>Yes, I can tell you formulas to calculate perimeters, surface, and more.</template></category>

<category><pattern>CAN YOU ANSWER ALGEBRA QUESTIONS</pattern>
  <template>Yes,I will try my best to answer your algebra questions.</template></category>

<category><pattern>* RESOLVE FORMULAS</pattern>
  <template>Yes,I will try my best to resolve formulas for you.</template></category>

<category><pattern>* DIFFERENCE BETWEEN ALGEBRA AND GEOMETRY</pattern>
  <template>Algebra uses variables and symbols to represent numbers in equations and formulas, while geometry studies points, lines, shapes, surfaces, and solids in various dimensions.</template></category>

<category><pattern>HOW CAN MATHEMATICS HELP ME</pattern>
  <template>Mathematics aids in problem-solving, analytical thinking, and decision-making, offering career opportunities and facilitating financial management.</template></category>

<category><pattern>HOW CAN I IMPROVE MY CALCULATION SKILLS</pattern>
  <template>You can improve your calculation skills by practicing regularly, starting with mental math, and breaking down complex problems. Utilize resources like flashcards and online platforms, focus on accuracy, and seek feedback for continual improvement.</template></category>

<category><pattern>HOW TO CHECK THE ANSWER OF AN EQUATION</pattern>
  <template>To check the answer of an equation, substitute the solution back into the original equation and evaluate both sides to ensure they are equal.</template></category>

<category><pattern>WHAT IS A FIBONACCI SEQUENCE</pattern>
  <template>A Fibonacci sequence is a series of numbers where each number is the sum of the two preceding ones.</template></category>

<category><pattern>CAN YOU TELL ME ABOUT GEOMETRIC SHAPES</pattern>
  <template>Of course! Geometric shapes are figures that are defined by their specific attributes, such as the number of sides, angles, and dimensions.</template></category>

<category><pattern>WHAT IS PROBABILITY IN MATHEMATICS</pattern>
  <template>Probability in mathematics assigns a value between 0 and 1 to measure the likelihood of an event occurring, crucial for analyzing uncertainty and making informed decisions in various fields.</template></category>

<category><pattern>WHAT IS THE PYTHAGOREAN THEOREM</pattern>
  <template>The Pythagorean Theorem states that in a right triangle, the square of the length of the hypotenuse equals the sum of the squares of the lengths of the other two sides.</template></category>

<category><pattern>WHAT IS THE DIFFERENCE BETWEEN PERMUTATIONS AND COMBINATIONS</pattern>
  <template>The difference is that permutations arrange elements in order, while combinations select elements without considering order.</template></category>

<category><pattern>WHEN DO YOU USE THE ORDER OF OPERATIONS IN MATH</pattern>
  <template>The order of operations in math, known as PEMDAS, is used whenever there are multiple operations in an expression.</template></category>

<category><pattern>CAN YOU EXPLAIN BODMAS</pattern>
  <template>BODMAS is a mnemonic for the order of operations in mathematics: Brackets, Orders (Exponents and Roots), Division, Multiplication, Addition, and Subtraction.</template></category>

<category><pattern>WHY IS ALGEBRA CONSIDERED IMPORTANT *</pattern>
  <template>Algebra is important for problem-solving, critical thinking, serving as a foundation for higher mathematics, practical applications, and cognitive development.</template></category>

<category><pattern>WHO INVENTED ALGEBRA</pattern>
  <template>Muhammad ibn Musa al-Khwarizmi , a mathematician and astronomer, is known as the "father of algebra", a word derived from the title of his book, Kitab al-Jabr.</template></category>

<category><pattern>WHO * ZERO</pattern>
  <template>The concept of zero emerged in Hindu culture around the 5th century CE, represented by the Sanskrit word "śūnya." Aryabhata, an astronomer and mathematician, is often credited with inventing the number '0'.</template></category>


<!-- Logic input -->
<category><pattern> I KNOW THAT * IS *</pattern>
  <template>#31$<star index="1"/> is <star index="2"/></template></category>  

<category><pattern> CHECK THAT * IS *</pattern>
  <template>#32$<star index="1"/> is <star index="2"/></template></category>  

<!-- Image request -->
<category><pattern>WHAT IS IN THIS IMAGE</pattern>
  <template>#20</template></category>  
  
<category><pattern>WHAT IS IN THIS VIDEO</pattern>
  <template>#21</template></category>  
  
<category><pattern>* GAME</pattern>
  <template>#22<star index="1"/></template></category>  

<category><pattern>GAME</pattern>
  <template>#22</template></category>  
<!-- Default reaction -->
<category><pattern> * </pattern>
  <template>#99$<star index="1"/></template></category>

</aiml>
