﻿Questions ,Answers
What is an mathemathical expression?,"In mathematics, an expression or mathematical expression is a finite combination of symbols that is well-formed according to rules that depend on the context."
What is a perpendicular line?,"In Mathematics, a perpendicular is defined as a straight line that makes the right angle (90 degrees) with the other line."
How can you calculate the surface area of a square?,"A square is a 2D figure in which all the sides are of equal measure. Since all the sides are equal, the area would be length times width, which is equal to side × side."
What is the difference between parallel and perpendicular line?,"Parallel lines are lines that never intersect, and they form the same angle when they cross another line. Perpendicular lines intersect at a 90-degree angle, forming a square corner."
What are the types of geometric shapes?,"Gemoetric shapes can be classified as Triangle, Circle, Square, Rectanlgle, Parallelogram, and Polygons."
What is the fibonacci sequence formula?,"The Fibonacci Sequence is the series of numbers:0, 1, 1, 2, 3, 5, 8, 13, 21, 34, ... 
The next number is found by adding up the two numbers before it, for exmple 2 is found by adding the two numbers before it (1+1)."
How to calculate propability?,"To calculate probability, you must divide the number of favorable events by the total number of possible events. This generates a sample, and the calculation can be performed from the data obtained. Calculating probabilities is expressed as a percent and follows the formula: Probability = Favorable cases / possible cases x 100."
What is an acuate angle?,"An acute angle is an angle that measures greater than 0 degrees and less than 90 degrees. In other words, it is an angle that is smaller than a right angle (90 degrees). "
What is the value of pi?,The value of π is approximately 3.14159. It represents the ratio of the circumference of a circle to its diameter.
How to calculate the area of a sqaure?,"The area of a square can be calculated using the formula: Area = side × side where ""side"" represents the length of one side of the square."
When did Albert Einstein publish his theory of relativity?,Albert Einstein published his theory of special relativity in 1905 and his theory of general relativity in 1915.
What is the equation of a line?,"The equation of a line in slope-intercept form is y=mx+b, where m represents the slope of the line and b represents the y-intercept."
Who introduced the concept of complex numbers?,"The concept of complex numbers was introduced by mathematicians such as Rafael Bombelli and Caspar Wessel in the 16th and 18th centuries, respectively."
How to find the sin of an angle?,To calculate the sin(x) use the followig formula; sin(x) = Opposite side/Hypotenuse.
When was the concept of zero introduced in mathematics?,The concept of zero as a placeholder and numerical digit was introduced by ancient Indian mathematicians around the 5th century CE.
Why is the number e significant in mathematics?,"The number e is significant in mathematics because it is the base of the natural logarithm and arises in various mathematical contexts, including calculus, probability, and exponential growth and decay."
What are congruent angles?,"Congruent angles are angles that have the same measure. In other words, if two angles are congruent, they are identical in size."
How to know if two lines are parallel?,"If two lines have the same slope, they are parallel. This is because parallel lines have the same steepness. If the slopes of two lines are m1 and m2,respectively, then the lines are parallel if m1= m2."
What is the force formula?,"The force formula is F=m×a, where F represents force, m represents mass, and a represents acceleration."
